,shape_nbr,height
0,1,1.0
1,2,4.0
2,3,7.0
3,4,9.0
4,5,9.0
5,6,10.0
6,7,13.0
7,8,15.0
8,9,17.0
9,10,17.0
10,11,18.0
11,12,21.0
12,13,21.0
13,14,23.0
14,15,25.0
15,16,26.0
16,17,29.0
17,18,32.0
18,19,32.0
19,20,32.0
20,21,33.0
21,22,36.0
22,23,39.0
23,24,39.0
24,25,39.0
25,26,40.0
26,27,42.0
27,28,44.0
28,29,46.0
29,30,48.0
30,31,49.0
31,32,52.0
32,33,55.0
33,34,59.0
34,35,59.0
35,36,60.0
36,37,63.0
37,38,66.0
38,39,66.0
39,40,66.0
40,41,67.0
41,42,69.0
42,43,71.0
43,44,73.0
44,45,73.0
45,46,74.0
46,47,77.0
47,48,77.0
48,49,79.0
49,50,79.0
50,51,79.0
51,52,81.0
52,53,83.0
53,54,83.0
54,55,83.0
55,56,84.0
56,57,86.0
57,58,89.0
58,59,89.0
59,60,89.0
60,61,90.0
61,62,93.0
62,63,95.0
63,64,99.0
64,65,99.0
65,66,100.0
66,67,103.0
67,68,105.0
68,69,105.0
69,70,105.0
70,71,106.0
71,72,109.0
72,73,112.0
73,74,114.0
74,75,116.0
75,76,117.0
76,77,119.0
77,78,122.0
78,79,122.0
79,80,122.0
80,81,122.0
81,82,124.0
82,83,127.0
83,84,131.0
84,85,131.0
85,86,132.0
86,87,135.0
87,88,138.0
88,89,138.0
89,90,140.0
90,91,141.0
91,92,144.0
92,93,146.0
93,94,147.0
94,95,147.0
95,96,148.0
96,97,151.0
97,98,153.0
98,99,154.0
99,100,154.0
100,101,155.0
101,102,158.0
102,103,160.0
103,104,160.0
104,105,160.0
105,106,160.0
106,107,162.0
107,108,163.0
108,109,165.0
109,110,165.0
110,111,166.0
111,112,169.0
112,113,172.0
113,114,172.0
114,115,172.0
115,116,173.0
116,117,176.0
117,118,179.0
118,119,183.0
119,120,183.0
120,121,184.0
121,122,187.0
122,123,189.0
123,124,189.0
124,125,189.0
125,126,190.0
126,127,193.0
127,128,193.0
128,129,193.0
129,130,195.0
130,131,196.0
131,132,196.0
132,133,199.0
133,134,200.0
134,135,200.0
135,136,200.0
136,137,203.0
137,138,206.0
138,139,210.0
139,140,210.0
140,141,211.0
141,142,213.0
142,143,216.0
143,144,216.0
144,145,216.0
145,146,217.0
146,147,220.0
147,148,223.0
148,149,223.0
149,150,223.0
150,151,223.0
151,152,225.0
152,153,228.0
153,154,228.0
154,155,228.0
155,156,228.0
156,157,231.0
157,158,231.0
158,159,234.0
159,160,234.0
160,161,235.0
161,162,238.0
162,163,240.0
163,164,240.0
164,165,241.0
165,166,242.0
166,167,244.0
167,168,245.0
168,169,247.0
169,170,249.0
170,171,250.0
171,172,253.0
172,173,256.0
173,174,258.0
174,175,258.0
175,176,259.0
176,177,261.0
177,178,263.0
178,179,263.0
179,180,265.0
180,181,266.0
181,182,269.0
182,183,269.0
183,184,271.0
184,185,273.0
185,186,274.0
186,187,277.0
187,188,279.0
188,189,283.0
189,190,283.0
190,191,284.0
191,192,286.0
192,193,287.0
193,194,289.0
194,195,291.0
195,196,291.0
196,197,293.0
197,198,293.0
198,199,295.0
199,200,297.0
200,201,297.0
201,202,297.0
202,203,300.0
203,204,301.0
204,205,302.0
205,206,302.0
206,207,305.0
207,208,305.0
208,209,305.0
209,210,305.0
210,211,305.0
211,212,308.0
212,213,310.0
213,214,310.0
214,215,311.0
215,216,311.0
216,217,314.0
217,218,317.0
218,219,321.0
219,220,321.0
220,221,322.0
221,222,325.0
222,223,328.0
223,224,330.0
224,225,330.0
225,226,331.0
226,227,334.0
227,228,334.0
228,229,337.0
229,230,337.0
230,231,338.0
231,232,341.0
232,233,344.0
233,234,344.0
234,235,346.0
235,236,347.0
236,237,350.0
237,238,353.0
238,239,357.0
239,240,357.0
240,241,358.0
241,242,360.0
242,243,362.0
243,244,366.0
244,245,366.0
245,246,367.0
246,247,369.0
247,248,372.0
248,249,374.0
249,250,374.0
250,251,375.0
251,252,375.0
252,253,378.0
253,254,380.0
254,255,380.0
255,256,381.0
256,257,384.0
257,258,386.0
258,259,388.0
259,260,390.0
260,261,391.0
261,262,393.0
262,263,396.0
263,264,400.0
264,265,402.0
265,266,403.0
266,267,406.0
267,268,406.0
268,269,406.0
269,270,408.0
270,271,409.0
271,272,409.0
272,273,412.0
273,274,412.0
274,275,414.0
275,276,415.0
276,277,418.0
277,278,421.0
278,279,421.0
279,280,421.0
280,281,422.0
281,282,425.0
282,283,428.0
283,284,432.0
284,285,434.0
285,286,434.0
286,287,434.0
287,288,437.0
288,289,437.0
289,290,439.0
290,291,439.0
291,292,442.0
292,293,442.0
293,294,442.0
294,295,442.0
295,296,443.0
296,297,446.0
297,298,446.0
298,299,447.0
299,300,447.0
300,301,448.0
301,302,451.0
302,303,454.0
303,304,456.0
304,305,456.0
305,306,457.0
306,307,460.0
307,308,463.0
308,309,465.0
309,310,465.0
310,311,465.0
311,312,468.0
312,313,471.0
313,314,471.0
314,315,473.0
315,316,474.0
316,317,477.0
317,318,480.0
318,319,484.0
319,320,486.0
320,321,486.0
321,322,486.0
322,323,486.0
323,324,490.0
324,325,490.0
325,326,491.0
326,327,494.0
327,328,496.0
328,329,497.0
329,330,499.0
330,331,500.0
331,332,503.0
332,333,506.0
333,334,506.0
334,335,506.0
335,336,507.0
336,337,510.0
337,338,513.0
338,339,515.0
339,340,515.0
340,341,516.0
341,342,519.0
342,343,519.0
343,344,523.0
344,345,523.0
345,346,524.0
346,347,526.0
347,348,527.0
348,349,529.0
349,350,529.0
350,351,529.0
351,352,532.0
352,353,534.0
353,354,536.0
354,355,538.0
355,356,539.0
356,357,540.0
357,358,543.0
358,359,543.0
359,360,543.0
360,361,544.0
361,362,546.0
362,363,547.0
363,364,549.0
364,365,549.0
365,366,550.0
366,367,553.0
367,368,555.0
368,369,557.0
369,370,557.0
370,371,558.0
371,372,560.0
372,373,563.0
373,374,565.0
374,375,565.0
375,376,566.0
376,377,569.0
377,378,571.0
378,379,571.0
379,380,571.0
380,381,572.0
381,382,575.0
382,383,578.0
383,384,578.0
384,385,578.0
385,386,579.0
386,387,582.0
387,388,585.0
388,389,585.0
389,390,585.0
390,391,586.0
391,392,589.0
392,393,589.0
393,394,593.0
394,395,595.0
395,396,596.0
396,397,599.0
397,398,601.0
398,399,603.0
399,400,605.0
400,401,605.0
401,402,608.0
402,403,608.0
403,404,608.0
404,405,609.0
405,406,610.0
406,407,612.0
407,408,615.0
408,409,615.0
409,410,617.0
410,411,618.0
411,412,621.0
412,413,624.0
413,414,626.0
414,415,628.0
415,416,629.0
416,417,632.0
417,418,635.0
418,419,635.0
419,420,637.0
420,421,637.0
421,422,640.0
422,423,640.0
423,424,641.0
424,425,643.0
425,426,644.0
426,427,647.0
427,428,649.0
428,429,651.0
429,430,653.0
430,431,653.0
431,432,653.0
432,433,656.0
433,434,656.0
434,435,656.0
435,436,656.0
436,437,658.0
437,438,661.0
438,439,665.0
439,440,665.0
440,441,666.0
441,442,669.0
442,443,672.0
443,444,672.0
444,445,672.0
445,446,673.0
446,447,675.0
447,448,677.0
448,449,679.0
449,450,679.0
450,451,680.0
451,452,682.0
452,453,683.0
453,454,685.0
454,455,687.0
455,456,687.0
456,457,687.0
457,458,688.0
458,459,691.0
459,460,693.0
460,461,694.0
461,462,697.0
462,463,697.0
463,464,699.0
464,465,701.0
465,466,701.0
466,467,704.0
467,468,707.0
468,469,707.0
469,470,709.0
470,471,710.0
471,472,712.0
472,473,714.0
473,474,718.0
474,475,718.0
475,476,719.0
476,477,722.0
477,478,725.0
478,479,725.0
479,480,725.0
480,481,726.0
481,482,728.0
482,483,731.0
483,484,733.0
484,485,735.0
485,486,736.0
486,487,739.0
487,488,742.0
488,489,746.0
489,490,746.0
490,491,747.0
491,492,750.0
492,493,752.0
493,494,754.0
494,495,754.0
495,496,755.0
496,497,757.0
497,498,760.0
498,499,762.0
499,500,762.0
500,501,763.0
501,502,765.0
502,503,768.0
503,504,768.0
504,505,770.0
505,506,770.0
506,507,770.0
507,508,773.0
508,509,775.0
509,510,775.0
510,511,775.0
511,512,777.0
512,513,780.0
513,514,782.0
514,515,784.0
515,516,785.0
516,517,788.0
517,518,791.0
518,519,795.0
519,520,797.0
520,521,798.0
521,522,801.0
522,523,804.0
523,524,808.0
524,525,810.0
525,526,811.0
526,527,814.0
527,528,817.0
528,529,817.0
529,530,819.0
530,531,820.0
531,532,823.0
532,533,823.0
533,534,826.0
534,535,826.0
535,536,827.0
536,537,827.0
537,538,830.0
538,539,832.0
539,540,832.0
540,541,833.0
541,542,836.0
542,543,836.0
543,544,836.0
544,545,836.0
545,546,837.0
546,547,840.0
547,548,843.0
548,549,843.0
549,550,843.0
550,551,844.0
551,552,847.0
552,553,850.0
553,554,852.0
554,555,852.0
555,556,853.0
556,557,856.0
557,558,859.0
558,559,861.0
559,560,863.0
560,561,864.0
561,562,867.0
562,563,869.0
563,564,873.0
564,565,873.0
565,566,874.0
566,567,877.0
567,568,880.0
568,569,882.0
569,570,882.0
570,571,883.0
571,572,886.0
572,573,889.0
573,574,891.0
574,575,891.0
575,576,892.0
576,577,895.0
577,578,897.0
578,579,898.0
579,580,899.0
580,581,899.0
581,582,902.0
582,583,904.0
583,584,906.0
584,585,906.0
585,586,907.0
586,587,910.0
587,588,912.0
588,589,914.0
589,590,914.0
590,591,915.0
591,592,918.0
592,593,920.0
593,594,924.0
594,595,924.0
595,596,925.0
596,597,928.0
597,598,930.0
598,599,930.0
599,600,930.0
600,601,931.0
601,602,933.0
602,603,934.0
603,604,936.0
604,605,938.0
605,606,938.0
606,607,940.0
607,608,940.0
608,609,944.0
609,610,946.0
610,611,947.0
611,612,950.0
612,613,950.0
613,614,953.0
614,615,955.0
615,616,956.0
616,617,956.0
617,618,959.0
618,619,959.0
619,620,961.0
620,621,962.0
621,622,962.0
622,623,962.0
623,624,964.0
624,625,966.0
625,626,966.0
626,627,968.0
627,628,970.0
628,629,972.0
629,630,974.0
630,631,975.0
631,632,977.0
632,633,979.0
633,634,983.0
634,635,983.0
635,636,983.0
636,637,983.0
637,638,986.0
638,639,986.0
639,640,986.0
640,641,987.0
641,642,990.0
642,643,992.0
643,644,994.0
644,645,996.0
645,646,997.0
646,647,1000.0
647,648,1003.0
648,649,1005.0
649,650,1005.0
650,651,1006.0
651,652,1009.0
652,653,1011.0
653,654,1015.0
654,655,1017.0
655,656,1018.0
656,657,1021.0
657,658,1021.0
658,659,1024.0
659,660,1024.0
660,661,1025.0
661,662,1028.0
662,663,1028.0
663,664,1029.0
664,665,1031.0
665,666,1032.0
666,667,1035.0
667,668,1038.0
668,669,1040.0
669,670,1042.0
670,671,1043.0
671,672,1046.0
672,673,1048.0
673,674,1050.0
674,675,1050.0
675,676,1051.0
676,677,1053.0
677,678,1055.0
678,679,1057.0
679,680,1057.0
680,681,1058.0
681,682,1060.0
682,683,1062.0
683,684,1066.0
684,685,1066.0
685,686,1067.0
686,687,1069.0
687,688,1072.0
688,689,1072.0
689,690,1072.0
690,691,1073.0
691,692,1074.0
692,693,1076.0
693,694,1078.0
694,695,1078.0
695,696,1078.0
696,697,1080.0
697,698,1083.0
698,699,1085.0
699,700,1085.0
700,701,1086.0
701,702,1089.0
702,703,1091.0
703,704,1093.0
704,705,1093.0
705,706,1094.0
706,707,1097.0
707,708,1099.0
708,709,1101.0
709,710,1101.0
710,711,1102.0
711,712,1105.0
712,713,1108.0
713,714,1110.0
714,715,1110.0
715,716,1111.0
716,717,1113.0
717,718,1116.0
718,719,1118.0
719,720,1118.0
720,721,1118.0
721,722,1119.0
722,723,1122.0
723,724,1126.0
724,725,1126.0
725,726,1127.0
726,727,1130.0
727,728,1133.0
728,729,1135.0
729,730,1137.0
730,731,1137.0
731,732,1137.0
732,733,1137.0
733,734,1138.0
734,735,1140.0
735,736,1141.0
736,737,1143.0
737,738,1146.0
738,739,1150.0
739,740,1150.0
740,741,1151.0
741,742,1154.0
742,743,1157.0
743,744,1159.0
744,745,1161.0
745,746,1162.0
746,747,1165.0
747,748,1168.0
748,749,1168.0
749,750,1168.0
750,751,1168.0
751,752,1170.0
752,753,1173.0
753,754,1175.0
754,755,1175.0
755,756,1176.0
756,757,1179.0
757,758,1182.0
758,759,1184.0
759,760,1184.0
760,761,1184.0
761,762,1186.0
762,763,1189.0
763,764,1189.0
764,765,1189.0
765,766,1189.0
766,767,1191.0
767,768,1193.0
768,769,1195.0
769,770,1197.0
770,771,1198.0
771,772,1201.0
772,773,1203.0
773,774,1205.0
774,775,1205.0
775,776,1206.0
776,777,1209.0
777,778,1211.0
778,779,1215.0
779,780,1215.0
780,781,1216.0
781,782,1219.0
782,783,1222.0
783,784,1224.0
784,785,1224.0
785,786,1225.0
786,787,1227.0
787,788,1230.0
788,789,1230.0
789,790,1230.0
790,791,1231.0
791,792,1233.0
792,793,1236.0
793,794,1236.0
794,795,1238.0
795,796,1239.0
796,797,1239.0
797,798,1242.0
798,799,1243.0
799,800,1243.0
800,801,1243.0
801,802,1246.0
802,803,1249.0
803,804,1253.0
804,805,1253.0
805,806,1254.0
806,807,1257.0
807,808,1260.0
808,809,1262.0
809,810,1262.0
810,811,1263.0
811,812,1266.0
812,813,1269.0
813,814,1273.0
814,815,1273.0
815,816,1274.0
816,817,1276.0
817,818,1279.0
818,819,1279.0
819,820,1279.0
820,821,1280.0
821,822,1283.0
822,823,1286.0
823,824,1288.0
824,825,1288.0
825,826,1289.0
826,827,1292.0
827,828,1295.0
828,829,1295.0
829,830,1295.0
830,831,1296.0
831,832,1299.0
832,833,1301.0
833,834,1305.0
834,835,1305.0
835,836,1306.0
836,837,1308.0
837,838,1311.0
838,839,1311.0
839,840,1312.0
840,841,1312.0
841,842,1315.0
842,843,1315.0
843,844,1317.0
844,845,1317.0
845,846,1318.0
846,847,1321.0
847,848,1324.0
848,849,1324.0
849,850,1326.0
850,851,1327.0
851,852,1330.0
852,853,1332.0
853,854,1334.0
854,855,1336.0
855,856,1337.0
856,857,1340.0
857,858,1343.0
858,859,1347.0
859,860,1349.0
860,861,1350.0
861,862,1353.0
862,863,1356.0
863,864,1358.0
864,865,1360.0
865,866,1361.0
866,867,1364.0
867,868,1366.0
868,869,1368.0
869,870,1370.0
870,871,1371.0
871,872,1374.0
872,873,1376.0
873,874,1380.0
874,875,1382.0
875,876,1383.0
876,877,1386.0
877,878,1389.0
878,879,1389.0
879,880,1389.0
880,881,1390.0
881,882,1393.0
882,883,1396.0
883,884,1398.0
884,885,1398.0
885,886,1399.0
886,887,1401.0
887,888,1403.0
888,889,1405.0
889,890,1405.0
890,891,1405.0
891,892,1407.0
892,893,1408.0
893,894,1410.0
894,895,1410.0
895,896,1411.0
896,897,1414.0
897,898,1416.0
898,899,1417.0
899,900,1419.0
900,901,1420.0
901,902,1423.0
902,903,1425.0
903,904,1429.0
904,905,1429.0
905,906,1430.0
906,907,1433.0
907,908,1436.0
908,909,1436.0
909,910,1436.0
910,911,1437.0
911,912,1440.0
912,913,1443.0
913,914,1445.0
914,915,1447.0
915,916,1448.0
916,917,1451.0
917,918,1453.0
918,919,1457.0
919,920,1457.0
920,921,1457.0
921,922,1460.0
922,923,1462.0
923,924,1464.0
924,925,1466.0
925,926,1467.0
926,927,1470.0
927,928,1472.0
928,929,1474.0
929,930,1476.0
930,931,1477.0
931,932,1480.0
932,933,1483.0
933,934,1485.0
934,935,1485.0
935,936,1486.0
936,937,1488.0
937,938,1491.0
938,939,1491.0
939,940,1491.0
940,941,1492.0
941,942,1495.0
942,943,1498.0
943,944,1502.0
944,945,1502.0
945,946,1503.0
946,947,1506.0
947,948,1509.0
948,949,1509.0
949,950,1509.0
950,951,1510.0
951,952,1513.0
952,953,1516.0
953,954,1516.0
954,955,1518.0
955,956,1519.0
956,957,1522.0
957,958,1525.0
958,959,1525.0
959,960,1525.0
960,961,1526.0
961,962,1529.0
962,963,1531.0
963,964,1535.0
964,965,1537.0
965,966,1538.0
966,967,1541.0
967,968,1544.0
968,969,1546.0
969,970,1546.0
970,971,1547.0
971,972,1549.0
972,973,1552.0
973,974,1552.0
974,975,1553.0
975,976,1554.0
976,977,1557.0
977,978,1557.0
978,979,1560.0
979,980,1562.0
980,981,1563.0
981,982,1566.0
982,983,1569.0
983,984,1571.0
984,985,1571.0
985,986,1572.0
986,987,1575.0
987,988,1578.0
988,989,1578.0
989,990,1580.0
990,991,1581.0
991,992,1584.0
992,993,1587.0
993,994,1587.0
994,995,1587.0
995,996,1588.0
996,997,1590.0
997,998,1592.0
998,999,1592.0
999,1000,1592.0
1000,1001,1593.0
1001,1002,1595.0
1002,1003,1596.0
1003,1004,1598.0
1004,1005,1598.0
1005,1006,1599.0
1006,1007,1602.0
1007,1008,1604.0
1008,1009,1605.0
1009,1010,1605.0
1010,1011,1606.0
1011,1012,1609.0
1012,1013,1611.0
1013,1014,1613.0
1014,1015,1613.0
1015,1016,1613.0
1016,1017,1616.0
1017,1018,1616.0
1018,1019,1619.0
1019,1020,1619.0
1020,1021,1619.0
1021,1022,1620.0
1022,1023,1623.0
1023,1024,1625.0
1024,1025,1625.0
1025,1026,1626.0
1026,1027,1628.0
1027,1028,1630.0
1028,1029,1630.0
1029,1030,1630.0
1030,1031,1631.0
1031,1032,1634.0
1032,1033,1637.0
1033,1034,1637.0
1034,1035,1639.0
1035,1036,1640.0
1036,1037,1643.0
1037,1038,1643.0
1038,1039,1643.0
1039,1040,1645.0
1040,1041,1646.0
1041,1042,1649.0
1042,1043,1652.0
1043,1044,1652.0
1044,1045,1652.0
1045,1046,1653.0
1046,1047,1656.0
1047,1048,1658.0
1048,1049,1660.0
1049,1050,1660.0
1050,1051,1661.0
1051,1052,1664.0
1052,1053,1666.0
1053,1054,1668.0
1054,1055,1668.0
1055,1056,1669.0
1056,1057,1672.0
1057,1058,1674.0
1058,1059,1676.0
1059,1060,1676.0
1060,1061,1677.0
1061,1062,1677.0
1062,1063,1680.0
1063,1064,1681.0
1064,1065,1683.0
1065,1066,1684.0
1066,1067,1687.0
1067,1068,1690.0
1068,1069,1694.0
1069,1070,1694.0
1070,1071,1695.0
1071,1072,1697.0
1072,1073,1700.0
1073,1074,1702.0
1074,1075,1702.0
1075,1076,1703.0
1076,1077,1706.0
1077,1078,1709.0
1078,1079,1711.0
1079,1080,1713.0
1080,1081,1714.0
1081,1082,1716.0
1082,1083,1717.0
1083,1084,1719.0
1084,1085,1719.0
1085,1086,1719.0
1086,1087,1721.0
1087,1088,1722.0
1088,1089,1724.0
1089,1090,1724.0
1090,1091,1725.0
1091,1092,1728.0
1092,1093,1730.0
1093,1094,1730.0
1094,1095,1730.0
1095,1096,1731.0
1096,1097,1734.0
1097,1098,1737.0
1098,1099,1737.0
1099,1100,1739.0
1100,1101,1739.0
1101,1102,1742.0
1102,1103,1745.0
1103,1104,1745.0
1104,1105,1745.0
1105,1106,1745.0
1106,1107,1747.0
1107,1108,1750.0
1108,1109,1754.0
1109,1110,1754.0
1110,1111,1755.0
1111,1112,1758.0
1112,1113,1761.0
1113,1114,1765.0
1114,1115,1765.0
1115,1116,1766.0
1116,1117,1769.0
1117,1118,1772.0
1118,1119,1774.0
1119,1120,1776.0
1120,1121,1776.0
1121,1122,1779.0
1122,1123,1782.0
1123,1124,1782.0
1124,1125,1784.0
1125,1126,1785.0
1126,1127,1788.0
1127,1128,1791.0
1128,1129,1793.0
1129,1130,1795.0
1130,1131,1796.0
1131,1132,1799.0
1132,1133,1799.0
1133,1134,1803.0
1134,1135,1805.0
1135,1136,1806.0
1136,1137,1809.0
1137,1138,1812.0
1138,1139,1812.0
1139,1140,1812.0
1140,1141,1813.0
1141,1142,1815.0
1142,1143,1816.0
1143,1144,1818.0
1144,1145,1818.0
1145,1146,1818.0
1146,1147,1820.0
1147,1148,1822.0
1148,1149,1824.0
1149,1150,1824.0
1150,1151,1825.0
1151,1152,1827.0
1152,1153,1829.0
1153,1154,1830.0
1154,1155,1830.0
1155,1156,1830.0
1156,1157,1833.0
1157,1158,1833.0
1158,1159,1837.0
1159,1160,1839.0
1160,1161,1840.0
1161,1162,1843.0
1162,1163,1846.0
1163,1164,1848.0
1164,1165,1848.0
1165,1166,1848.0
1166,1167,1850.0
1167,1168,1851.0
1168,1169,1851.0
1169,1170,1853.0
1170,1171,1854.0
1171,1172,1857.0
1172,1173,1859.0
1173,1174,1861.0
1174,1175,1863.0
1175,1176,1864.0
1176,1177,1867.0
1177,1178,1870.0
1178,1179,1872.0
1179,1180,1874.0
1180,1181,1875.0
1181,1182,1878.0
1182,1183,1881.0
1183,1184,1881.0
1184,1185,1881.0
1185,1186,1882.0
1186,1187,1885.0
1187,1188,1888.0
1188,1189,1892.0
1189,1190,1894.0
1190,1191,1894.0
1191,1192,1897.0
1192,1193,1900.0
1193,1194,1902.0
1194,1195,1902.0
1195,1196,1902.0
1196,1197,1904.0
1197,1198,1904.0
1198,1199,1906.0
1199,1200,1906.0
1200,1201,1907.0
1201,1202,1909.0
1202,1203,1912.0
1203,1204,1914.0
1204,1205,1914.0
1205,1206,1914.0
1206,1207,1914.0
1207,1208,1917.0
1208,1209,1918.0
1209,1210,1919.0
1210,1211,1920.0
1211,1212,1923.0
1212,1213,1926.0
1213,1214,1930.0
1214,1215,1930.0
1215,1216,1930.0
1216,1217,1930.0
1217,1218,1933.0
1218,1219,1933.0
1219,1220,1935.0
1220,1221,1936.0
1221,1222,1939.0
1222,1223,1942.0
1223,1224,1944.0
1224,1225,1944.0
1225,1226,1945.0
1226,1227,1948.0
1227,1228,1951.0
1228,1229,1953.0
1229,1230,1955.0
1230,1231,1956.0
1231,1232,1959.0
1232,1233,1961.0
1233,1234,1961.0
1234,1235,1961.0
1235,1236,1962.0
1236,1237,1965.0
1237,1238,1967.0
1238,1239,1967.0
1239,1240,1968.0
1240,1241,1968.0
1241,1242,1969.0
1242,1243,1971.0
1243,1244,1972.0
1244,1245,1973.0
1245,1246,1974.0
1246,1247,1977.0
1247,1248,1980.0
1248,1249,1980.0
1249,1250,1980.0
1250,1251,1981.0
1251,1252,1983.0
1252,1253,1986.0
1253,1254,1986.0
1254,1255,1986.0
1255,1256,1987.0
1256,1257,1990.0
1257,1258,1992.0
1258,1259,1994.0
1259,1260,1994.0
1260,1261,1995.0
1261,1262,1997.0
1262,1263,1999.0
1263,1264,2001.0
1264,1265,2003.0
1265,1266,2004.0
1266,1267,2007.0
1267,1268,2010.0
1268,1269,2010.0
1269,1270,2010.0
1270,1271,2011.0
1271,1272,2012.0
1272,1273,2014.0
1273,1274,2016.0
1274,1275,2016.0
1275,1276,2017.0
1276,1277,2020.0
1277,1278,2020.0
1278,1279,2022.0
1279,1280,2022.0
1280,1281,2023.0
1281,1282,2026.0
1282,1283,2029.0
1283,1284,2029.0
1284,1285,2029.0
1285,1286,2030.0
1286,1287,2032.0
1287,1288,2035.0
1288,1289,2037.0
1289,1290,2037.0
1290,1291,2038.0
1291,1292,2041.0
1292,1293,2044.0
1293,1294,2044.0
1294,1295,2046.0
1295,1296,2047.0
1296,1297,2050.0
1297,1298,2050.0
1298,1299,2054.0
1299,1300,2054.0
1300,1301,2055.0
1301,1302,2058.0
1302,1303,2061.0
1303,1304,2065.0
1304,1305,2067.0
1305,1306,2068.0
1306,1307,2071.0
1307,1308,2071.0
1308,1309,2071.0
1309,1310,2071.0
1310,1311,2072.0
1311,1312,2075.0
1312,1313,2078.0
1313,1314,2078.0
1314,1315,2078.0
1315,1316,2079.0
1316,1317,2081.0
1317,1318,2084.0
1318,1319,2084.0
1319,1320,2086.0
1320,1321,2087.0
1321,1322,2090.0
1322,1323,2092.0
1323,1324,2094.0
1324,1325,2094.0
1325,1326,2095.0
1326,1327,2095.0
1327,1328,2098.0
1328,1329,2098.0
1329,1330,2098.0
1330,1331,2098.0
1331,1332,2101.0
1332,1333,2104.0
1333,1334,2108.0
1334,1335,2108.0
1335,1336,2108.0
1336,1337,2110.0
1337,1338,2113.0
1338,1339,2113.0
1339,1340,2113.0
1340,1341,2114.0
1341,1342,2117.0
1342,1343,2119.0
1343,1344,2119.0
1344,1345,2121.0
1345,1346,2122.0
1346,1347,2125.0
1347,1348,2127.0
1348,1349,2131.0
1349,1350,2131.0
1350,1351,2132.0
1351,1352,2135.0
1352,1353,2138.0
1353,1354,2142.0
1354,1355,2144.0
1355,1356,2145.0
1356,1357,2148.0
1357,1358,2150.0
1358,1359,2150.0
1359,1360,2152.0
1360,1361,2152.0
1361,1362,2154.0
1362,1363,2157.0
1363,1364,2159.0
1364,1365,2159.0
1365,1366,2160.0
1366,1367,2163.0
1367,1368,2166.0
1368,1369,2166.0
1369,1370,2168.0
1370,1371,2168.0
1371,1372,2168.0
1372,1373,2171.0
1373,1374,2173.0
1374,1375,2175.0
1375,1376,2176.0
1376,1377,2179.0
1377,1378,2181.0
1378,1379,2181.0
1379,1380,2183.0
1380,1381,2184.0
1381,1382,2184.0
1382,1383,2187.0
1383,1384,2187.0
1384,1385,2187.0
1385,1386,2188.0
1386,1387,2190.0
1387,1388,2192.0
1388,1389,2194.0
1389,1390,2194.0
1390,1391,2195.0
1391,1392,2198.0
1392,1393,2200.0
1393,1394,2202.0
1394,1395,2204.0
1395,1396,2205.0
1396,1397,2208.0
1397,1398,2211.0
1398,1399,2211.0
1399,1400,2211.0
1400,1401,2212.0
1401,1402,2214.0
1402,1403,2216.0
1403,1404,2216.0
1404,1405,2218.0
1405,1406,2219.0
1406,1407,2222.0
1407,1408,2225.0
1408,1409,2225.0
1409,1410,2225.0
1410,1411,2226.0
1411,1412,2229.0
1412,1413,2229.0
1413,1414,2231.0
1414,1415,2231.0
1415,1416,2232.0
1416,1417,2234.0
1417,1418,2235.0
1418,1419,2237.0
1419,1420,2237.0
1420,1421,2238.0
1421,1422,2241.0
1422,1423,2243.0
1423,1424,2243.0
1424,1425,2243.0
1425,1426,2244.0
1426,1427,2247.0
1427,1428,2250.0
1428,1429,2250.0
1429,1430,2250.0
1430,1431,2251.0
1431,1432,2253.0
1432,1433,2255.0
1433,1434,2257.0
1434,1435,2259.0
1435,1436,2260.0
1436,1437,2262.0
1437,1438,2265.0
1438,1439,2267.0
1439,1440,2267.0
1440,1441,2268.0
1441,1442,2271.0
1442,1443,2274.0
1443,1444,2274.0
1444,1445,2274.0
1445,1446,2275.0
1446,1447,2277.0
1447,1448,2279.0
1448,1449,2281.0
1449,1450,2283.0
1450,1451,2284.0
1451,1452,2287.0
1452,1453,2290.0
1453,1454,2292.0
1454,1455,2292.0
1455,1456,2292.0
1456,1457,2294.0
1457,1458,2297.0
1458,1459,2301.0
1459,1460,2303.0
1460,1461,2303.0
1461,1462,2303.0
1462,1463,2306.0
1463,1464,2306.0
1464,1465,2306.0
1465,1466,2306.0
1466,1467,2308.0
1467,1468,2310.0
1468,1469,2312.0
1469,1470,2312.0
1470,1471,2313.0
1471,1472,2316.0
1472,1473,2318.0
1473,1474,2320.0
1474,1475,2320.0
1475,1476,2321.0
1476,1477,2324.0
1477,1478,2326.0
1478,1479,2326.0
1479,1480,2326.0
1480,1481,2327.0
1481,1482,2330.0
1482,1483,2333.0
1483,1484,2335.0
1484,1485,2335.0
1485,1486,2336.0
1486,1487,2339.0
1487,1488,2339.0
1488,1489,2342.0
1489,1490,2344.0
1490,1491,2345.0
1491,1492,2348.0
1492,1493,2350.0
1493,1494,2350.0
1494,1495,2350.0
1495,1496,2351.0
1496,1497,2354.0
1497,1498,2356.0
1498,1499,2358.0
1499,1500,2358.0
1500,1501,2359.0
1501,1502,2361.0
1502,1503,2364.0
1503,1504,2366.0
1504,1505,2368.0
1505,1506,2369.0
1506,1507,2369.0
1507,1508,2369.0
1508,1509,2373.0
1509,1510,2373.0
1510,1511,2374.0
1511,1512,2376.0
1512,1513,2379.0
1513,1514,2381.0
1514,1515,2383.0
1515,1516,2384.0
1516,1517,2386.0
1517,1518,2387.0
1518,1519,2391.0
1519,1520,2393.0
1520,1521,2394.0
1521,1522,2397.0
1522,1523,2400.0
1523,1524,2402.0
1524,1525,2404.0
1525,1526,2405.0
1526,1527,2407.0
1527,1528,2410.0
1528,1529,2414.0
1529,1530,2414.0
1530,1531,2414.0
1531,1532,2414.0
1532,1533,2417.0
1533,1534,2418.0
1534,1535,2420.0
1535,1536,2421.0
1536,1537,2424.0
1537,1538,2424.0
1538,1539,2426.0
1539,1540,2426.0
1540,1541,2427.0
1541,1542,2430.0
1542,1543,2433.0
1543,1544,2435.0
1544,1545,2435.0
1545,1546,2435.0
1546,1547,2437.0
1547,1548,2440.0
1548,1549,2440.0
1549,1550,2442.0
1550,1551,2443.0
1551,1552,2446.0
1552,1553,2449.0
1553,1554,2449.0
1554,1555,2449.0
1555,1556,2450.0
1556,1557,2453.0
1557,1558,2456.0
1558,1559,2458.0
1559,1560,2458.0
1560,1561,2458.0
1561,1562,2461.0
1562,1563,2461.0
1563,1564,2462.0
1564,1565,2463.0
1565,1566,2464.0
1566,1567,2467.0
1567,1568,2470.0
1568,1569,2470.0
1569,1570,2470.0
1570,1571,2471.0
1571,1572,2474.0
1572,1573,2477.0
1573,1574,2479.0
1574,1575,2481.0
1575,1576,2482.0
1576,1577,2484.0
1577,1578,2485.0
1578,1579,2489.0
1579,1580,2489.0
1580,1581,2490.0
1581,1582,2493.0
1582,1583,2496.0
1583,1584,2500.0
1584,1585,2500.0
1585,1586,2501.0
1586,1587,2504.0
1587,1588,2507.0
1588,1589,2511.0
1589,1590,2511.0
1590,1591,2512.0
1591,1592,2514.0
1592,1593,2515.0
1593,1594,2517.0
1594,1595,2517.0
1595,1596,2518.0
1596,1597,2521.0
1597,1598,2521.0
1598,1599,2525.0
1599,1600,2525.0
1600,1601,2526.0
1601,1602,2529.0
1602,1603,2531.0
1603,1604,2535.0
1604,1605,2535.0
1605,1606,2536.0
1606,1607,2536.0
1607,1608,2539.0
1608,1609,2541.0
1609,1610,2541.0
1610,1611,2542.0
1611,1612,2544.0
1612,1613,2547.0
1613,1614,2551.0
1614,1615,2553.0
1615,1616,2554.0
1616,1617,2557.0
1617,1618,2559.0
1618,1619,2563.0
1619,1620,2563.0
1620,1621,2564.0
1621,1622,2567.0
1622,1623,2567.0
1623,1624,2570.0
1624,1625,2572.0
1625,1626,2573.0
1626,1627,2576.0
1627,1628,2579.0
1628,1629,2581.0
1629,1630,2581.0
1630,1631,2582.0
1631,1632,2584.0
1632,1633,2587.0
1633,1634,2589.0
1634,1635,2589.0
1635,1636,2590.0
1636,1637,2593.0
1637,1638,2593.0
1638,1639,2596.0
1639,1640,2598.0
1640,1641,2599.0
1641,1642,2602.0
1642,1643,2605.0
1643,1644,2607.0
1644,1645,2609.0
1645,1646,2610.0
1646,1647,2613.0
1647,1648,2615.0
1648,1649,2617.0
1649,1650,2619.0
1650,1651,2620.0
1651,1652,2623.0
1652,1653,2626.0
1653,1654,2628.0
1654,1655,2630.0
1655,1656,2631.0
1656,1657,2634.0
1657,1658,2637.0
1658,1659,2639.0
1659,1660,2641.0
1660,1661,2642.0
1661,1662,2645.0
1662,1663,2645.0
1663,1664,2649.0
1664,1665,2649.0
1665,1666,2650.0
1666,1667,2653.0
1667,1668,2656.0
1668,1669,2658.0
1669,1670,2658.0
1670,1671,2659.0
1671,1672,2661.0
1672,1673,2662.0
1673,1674,2666.0
1674,1675,2666.0
1675,1676,2667.0
1676,1677,2670.0
1677,1678,2673.0
1678,1679,2673.0
1679,1680,2675.0
1680,1681,2676.0
1681,1682,2679.0
1682,1683,2681.0
1683,1684,2683.0
1684,1685,2683.0
1685,1686,2684.0
1686,1687,2687.0
1687,1688,2690.0
1688,1689,2690.0
1689,1690,2690.0
1690,1691,2691.0
1691,1692,2693.0
1692,1693,2696.0
1693,1694,2696.0
1694,1695,2697.0
1695,1696,2697.0
1696,1697,2700.0
1697,1698,2702.0
1698,1699,2706.0
1699,1700,2708.0
1700,1701,2709.0
1701,1702,2711.0
1702,1703,2714.0
1703,1704,2716.0
1704,1705,2718.0
1705,1706,2718.0
1706,1707,2718.0
1707,1708,2720.0
1708,1709,2721.0
1709,1710,2723.0
1710,1711,2724.0
1711,1712,2726.0
1712,1713,2727.0
1713,1714,2729.0
1714,1715,2729.0
1715,1716,2730.0
1716,1717,2733.0
1717,1718,2736.0
1718,1719,2736.0
1719,1720,2736.0
1720,1721,2737.0
1721,1722,2740.0
1722,1723,2743.0
1723,1724,2743.0
1724,1725,2745.0
1725,1726,2746.0
1726,1727,2748.0
1727,1728,2751.0
1728,1729,2753.0
1729,1730,2755.0
1730,1731,2756.0
1731,1732,2759.0
1732,1733,2761.0
1733,1734,2763.0
1734,1735,2765.0
1735,1736,2766.0
1736,1737,2766.0
1737,1738,2769.0
1738,1739,2770.0
1739,1740,2770.0
1740,1741,2770.0
1741,1742,2773.0
1742,1743,2775.0
1743,1744,2777.0
1744,1745,2777.0
1745,1746,2778.0
1746,1747,2781.0
1747,1748,2784.0
1748,1749,2786.0
1749,1750,2788.0
1750,1751,2789.0
1751,1752,2792.0
1752,1753,2794.0
1753,1754,2798.0
1754,1755,2800.0
1755,1756,2801.0
1756,1757,2803.0
1757,1758,2804.0
1758,1759,2806.0
1759,1760,2808.0
1760,1761,2809.0
1761,1762,2812.0
1762,1763,2815.0
1763,1764,2817.0
1764,1765,2817.0
1765,1766,2817.0
1766,1767,2820.0
1767,1768,2823.0
1768,1769,2823.0
1769,1770,2823.0
1770,1771,2823.0
1771,1772,2825.0
1772,1773,2828.0
1773,1774,2830.0
1774,1775,2830.0
1775,1776,2831.0
1776,1777,2834.0
1777,1778,2837.0
1778,1779,2839.0
1779,1780,2839.0
1780,1781,2839.0
1781,1782,2841.0
1782,1783,2843.0
1783,1784,2843.0
1784,1785,2843.0
1785,1786,2844.0
1786,1787,2847.0
1787,1788,2849.0
1788,1789,2849.0
1789,1790,2849.0
1790,1791,2850.0
1791,1792,2853.0
1792,1793,2853.0
1793,1794,2853.0
1794,1795,2854.0
1795,1796,2855.0
1796,1797,2858.0
1797,1798,2861.0
1798,1799,2863.0
1799,1800,2865.0
1800,1801,2866.0
1801,1802,2866.0
1802,1803,2869.0
1803,1804,2870.0
1804,1805,2870.0
1805,1806,2871.0
1806,1807,2873.0
1807,1808,2874.0
1808,1809,2876.0
1809,1810,2878.0
1810,1811,2879.0
1811,1812,2881.0
1812,1813,2884.0
1813,1814,2884.0
1814,1815,2884.0
1815,1816,2884.0
1816,1817,2885.0
1817,1818,2887.0
1818,1819,2889.0
1819,1820,2889.0
1820,1821,2890.0
1821,1822,2893.0
1822,1823,2896.0
1823,1824,2898.0
1824,1825,2898.0
1825,1826,2899.0
1826,1827,2902.0
1827,1828,2904.0
1828,1829,2908.0
1829,1830,2908.0
1830,1831,2908.0
1831,1832,2908.0
1832,1833,2909.0
1833,1834,2909.0
1834,1835,2909.0
1835,1836,2910.0
1836,1837,2912.0
1837,1838,2915.0
1838,1839,2917.0
1839,1840,2919.0
1840,1841,2920.0
1841,1842,2923.0
1842,1843,2926.0
1843,1844,2930.0
1844,1845,2930.0
1845,1846,2931.0
1846,1847,2931.0
1847,1848,2934.0
1848,1849,2935.0
1849,1850,2936.0
1850,1851,2937.0
1851,1852,2939.0
1852,1853,2942.0
1853,1854,2942.0
1854,1855,2942.0
1855,1856,2942.0
1856,1857,2944.0
1857,1858,2946.0
1858,1859,2950.0
1859,1860,2950.0
1860,1861,2951.0
1861,1862,2953.0
1862,1863,2956.0
1863,1864,2958.0
1864,1865,2958.0
1865,1866,2959.0
1866,1867,2961.0
1867,1868,2962.0
1868,1869,2962.0
1869,1870,2962.0
1870,1871,2963.0
1871,1872,2965.0
1872,1873,2966.0
1873,1874,2970.0
1874,1875,2972.0
1875,1876,2973.0
1876,1877,2974.0
1877,1878,2976.0
1878,1879,2978.0
1879,1880,2980.0
1880,1881,2981.0
1881,1882,2983.0
1882,1883,2986.0
1883,1884,2986.0
1884,1885,2986.0
1885,1886,2986.0
1886,1887,2987.0
1887,1888,2990.0
1888,1889,2990.0
1889,1890,2990.0
1890,1891,2991.0
1891,1892,2993.0
1892,1893,2996.0
1893,1894,2996.0
1894,1895,2997.0
1895,1896,2998.0
1896,1897,3001.0
1897,1898,3003.0
1898,1899,3003.0
1899,1900,3004.0
1900,1901,3005.0
1901,1902,3007.0
1902,1903,3008.0
1903,1904,3010.0
1904,1905,3010.0
1905,1906,3011.0
1906,1907,3014.0
1907,1908,3016.0
1908,1909,3018.0
1909,1910,3018.0
1910,1911,3018.0
1911,1912,3018.0
1912,1913,3021.0
1913,1914,3023.0
1914,1915,3023.0
1915,1916,3024.0
1916,1917,3027.0
1917,1918,3029.0
1918,1919,3029.0
1919,1920,3029.0
1920,1921,3030.0
1921,1922,3033.0
1922,1923,3036.0
1923,1924,3036.0
1924,1925,3038.0
1925,1926,3038.0
1926,1927,3040.0
1927,1928,3042.0
1928,1929,3042.0
1929,1930,3044.0
1930,1931,3045.0
1931,1932,3048.0
1932,1933,3051.0
1933,1934,3051.0
1934,1935,3051.0
1935,1936,3052.0
1936,1937,3055.0
1937,1938,3057.0
1938,1939,3061.0
1939,1940,3061.0
1940,1941,3062.0
1941,1942,3065.0
1942,1943,3068.0
1943,1944,3070.0
1944,1945,3070.0
1945,1946,3071.0
1946,1947,3074.0
1947,1948,3077.0
1948,1949,3079.0
1949,1950,3079.0
1950,1951,3080.0
1951,1952,3083.0
1952,1953,3086.0
1953,1954,3090.0
1954,1955,3090.0
1955,1956,3091.0
1956,1957,3094.0
1957,1958,3097.0
1958,1959,3101.0
1959,1960,3101.0
1960,1961,3101.0
1961,1962,3101.0
1962,1963,3104.0
1963,1964,3106.0
1964,1965,3108.0
1965,1966,3109.0
1966,1967,3112.0
1967,1968,3112.0
1968,1969,3115.0
1969,1970,3117.0
1970,1971,3118.0
1971,1972,3121.0
1972,1973,3124.0
1973,1974,3124.0
1974,1975,3124.0
1975,1976,3125.0
1976,1977,3128.0
1977,1978,3128.0
1978,1979,3132.0
1979,1980,3134.0
1980,1981,3135.0
1981,1982,3138.0
1982,1983,3141.0
1983,1984,3141.0
1984,1985,3143.0
1985,1986,3144.0
1986,1987,3147.0
1987,1988,3147.0
1988,1989,3149.0
1989,1990,3149.0
1990,1991,3150.0
1991,1992,3153.0
1992,1993,3156.0
1993,1994,3158.0
1994,1995,3160.0
1995,1996,3161.0
1996,1997,3163.0
1997,1998,3165.0
1998,1999,3167.0
1999,2000,3169.0
2000,2001,3170.0
2001,2002,3173.0
2002,2003,3173.0
2003,2004,3175.0
2004,2005,3177.0
2005,2006,3178.0
2006,2007,3181.0
2007,2008,3183.0
2008,2009,3183.0
2009,2010,3183.0
2010,2011,3184.0
2011,2012,3186.0
2012,2013,3188.0
2013,2014,3192.0
2014,2015,3192.0
2015,2016,3193.0
2016,2017,3196.0
2017,2018,3198.0
2018,2019,3202.0
2019,2020,3202.0
2020,2021,3203.0
2021,2022,3206.0
2022,2023,3206.0
2023,2024,3210.0
2024,2025,3210.0
2025,2026,3211.0
2026,2027,3213.0
2027,2028,3215.0
2028,2029,3216.0
2029,2030,3216.0
2030,2031,3216.0
2031,2032,3219.0
2032,2033,3219.0
2033,2034,3221.0
2034,2035,3223.0
2035,2036,3224.0
2036,2037,3227.0
2037,2038,3229.0
2038,2039,3233.0
2039,2040,3233.0
2040,2041,3233.0
2041,2042,3233.0
2042,2043,3236.0
2043,2044,3240.0
2044,2045,3240.0
2045,2046,3241.0
2046,2047,3244.0
2047,2048,3247.0
2048,2049,3247.0
2049,2050,3247.0
2050,2051,3248.0
2051,2052,3249.0
2052,2053,3251.0
2053,2054,3253.0
2054,2055,3255.0
2055,2056,3256.0
2056,2057,3259.0
2057,2058,3261.0
2058,2059,3265.0
2059,2060,3265.0
2060,2061,3266.0
2061,2062,3269.0
2062,2063,3272.0
2063,2064,3272.0
2064,2065,3272.0
2065,2066,3272.0
2066,2067,3275.0
2067,2068,3275.0
2068,2069,3275.0
2069,2070,3276.0
2070,2071,3277.0
2071,2072,3280.0
2072,2073,3283.0
2073,2074,3285.0
2074,2075,3285.0
2075,2076,3285.0
2076,2077,3287.0
2077,2078,3288.0
2078,2079,3292.0
2079,2080,3292.0
2080,2081,3293.0
2081,2082,3293.0
2082,2083,3296.0
2083,2084,3300.0
2084,2085,3300.0
2085,2086,3300.0
2086,2087,3302.0
2087,2088,3304.0
2088,2089,3304.0
2089,2090,3304.0
2090,2091,3305.0
2091,2092,3308.0
2092,2093,3311.0
2093,2094,3315.0
2094,2095,3315.0
2095,2096,3315.0
2096,2097,3318.0
2097,2098,3320.0
2098,2099,3320.0
2099,2100,3322.0
2100,2101,3323.0
2101,2102,3326.0
2102,2103,3328.0
2103,2104,3330.0
2104,2105,3330.0
2105,2106,3330.0
2106,2107,3332.0
2107,2108,3335.0
2108,2109,3335.0
2109,2110,3335.0
2110,2111,3336.0
2111,2112,3339.0
2112,2113,3342.0
2113,2114,3342.0
2114,2115,3344.0
2115,2116,3345.0
2116,2117,3347.0
2117,2118,3348.0
2118,2119,3350.0
2119,2120,3350.0
2120,2121,3351.0
2121,2122,3354.0
2122,2123,3356.0
2123,2124,3360.0
2124,2125,3360.0
2125,2126,3361.0
2126,2127,3364.0
2127,2128,3367.0
2128,2129,3367.0
2129,2130,3369.0
2130,2131,3370.0
2131,2132,3373.0
2132,2133,3376.0
2133,2134,3380.0
2134,2135,3380.0
2135,2136,3381.0
2136,2137,3384.0
2137,2138,3387.0
2138,2139,3391.0
2139,2140,3391.0
2140,2141,3392.0
2141,2142,3395.0
2142,2143,3397.0
2143,2144,3397.0
2144,2145,3397.0
2145,2146,3398.0
2146,2147,3401.0
2147,2148,3403.0
2148,2149,3405.0
2149,2150,3407.0
2150,2151,3408.0
2151,2152,3411.0
2152,2153,3414.0
2153,2154,3414.0
2154,2155,3414.0
2155,2156,3415.0
2156,2157,3418.0
2157,2158,3420.0
2158,2159,3422.0
2159,2160,3422.0
2160,2161,3423.0
2161,2162,3426.0
2162,2163,3429.0
2163,2164,3429.0
2164,2165,3431.0
2165,2166,3432.0
2166,2167,3435.0
2167,2168,3438.0
2168,2169,3438.0
2169,2170,3438.0
2170,2171,3439.0
2171,2172,3441.0
2172,2173,3444.0
2173,2174,3444.0
2174,2175,3444.0
2175,2176,3445.0
2176,2177,3448.0
2177,2178,3450.0
2178,2179,3452.0
2179,2180,3452.0
2180,2181,3453.0
2181,2182,3456.0
2182,2183,3458.0
2183,2184,3460.0
2184,2185,3460.0
2185,2186,3461.0
2186,2187,3463.0
2187,2188,3464.0
2188,2189,3466.0
2189,2190,3468.0
2190,2191,3468.0
2191,2192,3468.0
2192,2193,3469.0
2193,2194,3472.0
2194,2195,3474.0
2195,2196,3475.0
2196,2197,3478.0
2197,2198,3478.0
2198,2199,3480.0
2199,2200,3482.0
2200,2201,3482.0
2201,2202,3485.0
2202,2203,3488.0
2203,2204,3488.0
2204,2205,3490.0
2205,2206,3491.0
2206,2207,3493.0
2207,2208,3495.0
2208,2209,3499.0
2209,2210,3499.0
2210,2211,3500.0
2211,2212,3503.0
2212,2213,3506.0
2213,2214,3506.0
2214,2215,3506.0
2215,2216,3507.0
2216,2217,3509.0
2217,2218,3512.0
2218,2219,3514.0
2219,2220,3516.0
2220,2221,3517.0
2221,2222,3520.0
2222,2223,3523.0
2223,2224,3527.0
2224,2225,3527.0
2225,2226,3528.0
2226,2227,3531.0
2227,2228,3533.0
2228,2229,3535.0
2229,2230,3535.0
2230,2231,3536.0
2231,2232,3538.0
2232,2233,3541.0
2233,2234,3543.0
2234,2235,3543.0
2235,2236,3544.0
2236,2237,3546.0
2237,2238,3549.0
2238,2239,3549.0
2239,2240,3551.0
2240,2241,3551.0
2241,2242,3551.0
2242,2243,3554.0
2243,2244,3556.0
2244,2245,3556.0
2245,2246,3556.0
2246,2247,3558.0
2247,2248,3561.0
2248,2249,3563.0
2249,2250,3565.0
2250,2251,3566.0
2251,2252,3569.0
2252,2253,3572.0
2253,2254,3576.0
2254,2255,3578.0
2255,2256,3579.0
2256,2257,3582.0
2257,2258,3585.0
2258,2259,3589.0
2259,2260,3591.0
2260,2261,3592.0
2261,2262,3595.0
2262,2263,3598.0
2263,2264,3598.0
2264,2265,3600.0
2265,2266,3601.0
2266,2267,3604.0
2267,2268,3604.0
2268,2269,3607.0
2269,2270,3607.0
2270,2271,3608.0
2271,2272,3608.0
2272,2273,3611.0
2273,2274,3613.0
2274,2275,3613.0
2275,2276,3614.0
2276,2277,3617.0
2277,2278,3617.0
2278,2279,3617.0
2279,2280,3617.0
2280,2281,3618.0
2281,2282,3621.0
2282,2283,3624.0
2283,2284,3624.0
2284,2285,3624.0
2285,2286,3625.0
2286,2287,3628.0
2287,2288,3631.0
2288,2289,3633.0
2289,2290,3633.0
2290,2291,3634.0
2291,2292,3637.0
2292,2293,3640.0
2293,2294,3642.0
2294,2295,3644.0
2295,2296,3645.0
2296,2297,3648.0
2297,2298,3650.0
2298,2299,3654.0
2299,2300,3654.0
2300,2301,3655.0
2301,2302,3658.0
2302,2303,3661.0
2303,2304,3663.0
2304,2305,3663.0
2305,2306,3664.0
2306,2307,3667.0
2307,2308,3670.0
2308,2309,3672.0
2309,2310,3672.0
2310,2311,3673.0
2311,2312,3676.0
2312,2313,3678.0
2313,2314,3679.0
2314,2315,3680.0
2315,2316,3680.0
2316,2317,3683.0
2317,2318,3685.0
2318,2319,3687.0
2319,2320,3687.0
2320,2321,3688.0
2321,2322,3691.0
2322,2323,3693.0
2323,2324,3695.0
2324,2325,3695.0
2325,2326,3696.0
2326,2327,3699.0
2327,2328,3701.0
2328,2329,3705.0
2329,2330,3705.0
2330,2331,3706.0
2331,2332,3709.0
2332,2333,3711.0
2333,2334,3711.0
2334,2335,3711.0
2335,2336,3712.0
2336,2337,3714.0
2337,2338,3715.0
2338,2339,3717.0
2339,2340,3719.0
2340,2341,3719.0
2341,2342,3721.0
2342,2343,3721.0
2343,2344,3725.0
2344,2345,3727.0
2345,2346,3728.0
2346,2347,3731.0
2347,2348,3731.0
2348,2349,3734.0
2349,2350,3736.0
2350,2351,3737.0
2351,2352,3737.0
2352,2353,3740.0
2353,2354,3740.0
2354,2355,3742.0
2355,2356,3743.0
2356,2357,3743.0
2357,2358,3743.0
2358,2359,3745.0
2359,2360,3747.0
2360,2361,3747.0
2361,2362,3749.0
2362,2363,3751.0
2363,2364,3753.0
2364,2365,3755.0
2365,2366,3756.0
2366,2367,3758.0
2367,2368,3760.0
2368,2369,3764.0
2369,2370,3764.0
2370,2371,3764.0
2371,2372,3764.0
2372,2373,3767.0
2373,2374,3767.0
2374,2375,3767.0
2375,2376,3768.0
2376,2377,3771.0
2377,2378,3773.0
2378,2379,3775.0
2379,2380,3777.0
2380,2381,3778.0
2381,2382,3781.0
2382,2383,3784.0
2383,2384,3786.0
2384,2385,3786.0
2385,2386,3787.0
2386,2387,3790.0
2387,2388,3792.0
2388,2389,3796.0
2389,2390,3798.0
2390,2391,3799.0
2391,2392,3802.0
2392,2393,3802.0
2393,2394,3805.0
2394,2395,3805.0
2395,2396,3806.0
2396,2397,3809.0
2397,2398,3809.0
2398,2399,3810.0
2399,2400,3812.0
2400,2401,3813.0
2401,2402,3816.0
2402,2403,3819.0
2403,2404,3821.0
2404,2405,3823.0
2405,2406,3824.0
2406,2407,3827.0
2407,2408,3829.0
2408,2409,3831.0
2409,2410,3831.0
2410,2411,3832.0
2411,2412,3834.0
2412,2413,3836.0
2413,2414,3838.0
2414,2415,3838.0
2415,2416,3839.0
2416,2417,3841.0
2417,2418,3843.0
2418,2419,3847.0
2419,2420,3847.0
2420,2421,3848.0
2421,2422,3850.0
2422,2423,3853.0
2423,2424,3853.0
2424,2425,3853.0
2425,2426,3854.0
2426,2427,3855.0
2427,2428,3857.0
2428,2429,3859.0
2429,2430,3859.0
2430,2431,3859.0
2431,2432,3861.0
2432,2433,3864.0
2433,2434,3866.0
2434,2435,3866.0
2435,2436,3867.0
2436,2437,3870.0
2437,2438,3872.0
2438,2439,3874.0
2439,2440,3874.0
2440,2441,3875.0
2441,2442,3878.0
2442,2443,3880.0
2443,2444,3882.0
2444,2445,3882.0
2445,2446,3883.0
2446,2447,3886.0
2447,2448,3889.0
2448,2449,3891.0
2449,2450,3891.0
2450,2451,3892.0
2451,2452,3894.0
2452,2453,3897.0
2453,2454,3899.0
2454,2455,3899.0
2455,2456,3899.0
2456,2457,3900.0
2457,2458,3903.0
2458,2459,3907.0
2459,2460,3907.0
2460,2461,3908.0
2461,2462,3911.0
2462,2463,3914.0
2463,2464,3916.0
2464,2465,3918.0
2465,2466,3918.0
2466,2467,3918.0
2467,2468,3918.0
2468,2469,3919.0
2469,2470,3921.0
2470,2471,3922.0
2471,2472,3924.0
2472,2473,3927.0
2473,2474,3931.0
2474,2475,3931.0
2475,2476,3932.0
2476,2477,3935.0
2477,2478,3938.0
2478,2479,3940.0
2479,2480,3942.0
2480,2481,3943.0
2481,2482,3946.0
2482,2483,3949.0
2483,2484,3949.0
2484,2485,3949.0
2485,2486,3949.0
2486,2487,3951.0
2487,2488,3954.0
2488,2489,3956.0
2489,2490,3956.0
2490,2491,3957.0
2491,2492,3960.0
2492,2493,3963.0
2493,2494,3965.0
2494,2495,3965.0
2495,2496,3965.0
2496,2497,3967.0
2497,2498,3970.0
2498,2499,3970.0
2499,2500,3970.0
2500,2501,3970.0
2501,2502,3972.0
2502,2503,3974.0
2503,2504,3976.0
2504,2505,3978.0
2505,2506,3979.0
2506,2507,3982.0
2507,2508,3984.0
2508,2509,3986.0
2509,2510,3986.0
2510,2511,3987.0
2511,2512,3990.0
2512,2513,3992.0
2513,2514,3996.0
2514,2515,3996.0
2515,2516,3997.0
2516,2517,4000.0
2517,2518,4003.0
2518,2519,4005.0
2519,2520,4005.0
2520,2521,4006.0
2521,2522,4008.0
2522,2523,4011.0
2523,2524,4011.0
2524,2525,4011.0
2525,2526,4012.0
2526,2527,4014.0
2527,2528,4017.0
2528,2529,4017.0
2529,2530,4019.0
2530,2531,4020.0
2531,2532,4020.0
2532,2533,4023.0
2533,2534,4024.0
2534,2535,4024.0
2535,2536,4024.0
2536,2537,4027.0
2537,2538,4030.0
2538,2539,4034.0
2539,2540,4034.0
2540,2541,4035.0
2541,2542,4038.0
2542,2543,4041.0
2543,2544,4043.0
2544,2545,4043.0
2545,2546,4044.0
2546,2547,4047.0
2547,2548,4050.0
2548,2549,4054.0
2549,2550,4054.0
2550,2551,4055.0
2551,2552,4057.0
2552,2553,4060.0
2553,2554,4060.0
2554,2555,4060.0
2555,2556,4061.0
2556,2557,4064.0
2557,2558,4067.0
2558,2559,4069.0
2559,2560,4069.0
2560,2561,4070.0
2561,2562,4073.0
2562,2563,4076.0
2563,2564,4076.0
2564,2565,4076.0
2565,2566,4077.0
2566,2567,4080.0
2567,2568,4082.0
2568,2569,4086.0
2569,2570,4086.0
2570,2571,4087.0
2571,2572,4089.0
2572,2573,4092.0
2573,2574,4092.0
2574,2575,4093.0
2575,2576,4093.0
2576,2577,4096.0
2577,2578,4096.0
2578,2579,4098.0
2579,2580,4098.0
2580,2581,4099.0
2581,2582,4102.0
2582,2583,4105.0
2583,2584,4105.0
2584,2585,4107.0
2585,2586,4108.0
2586,2587,4111.0
2587,2588,4113.0
2588,2589,4115.0
2589,2590,4117.0
2590,2591,4118.0
2591,2592,4121.0
2592,2593,4124.0
2593,2594,4128.0
2594,2595,4130.0
2595,2596,4131.0
2596,2597,4134.0
2597,2598,4137.0
2598,2599,4139.0
2599,2600,4141.0
2600,2601,4142.0
2601,2602,4145.0
2602,2603,4147.0
2603,2604,4149.0
2604,2605,4151.0
2605,2606,4152.0
2606,2607,4155.0
2607,2608,4157.0
2608,2609,4161.0
2609,2610,4163.0
2610,2611,4164.0
2611,2612,4167.0
2612,2613,4170.0
2613,2614,4170.0
2614,2615,4170.0
2615,2616,4171.0
2616,2617,4174.0
2617,2618,4177.0
2618,2619,4179.0
2619,2620,4179.0
2620,2621,4180.0
2621,2622,4182.0
2622,2623,4184.0
2623,2624,4186.0
2624,2625,4186.0
2625,2626,4186.0
2626,2627,4188.0
2627,2628,4189.0
2628,2629,4191.0
2629,2630,4191.0
2630,2631,4192.0
2631,2632,4195.0
2632,2633,4197.0
2633,2634,4198.0
2634,2635,4200.0
2635,2636,4201.0
2636,2637,4204.0
2637,2638,4206.0
2638,2639,4210.0
2639,2640,4210.0
2640,2641,4211.0
2641,2642,4214.0
2642,2643,4217.0
2643,2644,4217.0
2644,2645,4217.0
2645,2646,4218.0
2646,2647,4221.0
2647,2648,4224.0
2648,2649,4226.0
2649,2650,4228.0
2650,2651,4229.0
2651,2652,4232.0
2652,2653,4234.0
2653,2654,4238.0
2654,2655,4238.0
2655,2656,4238.0
2656,2657,4241.0
2657,2658,4243.0
2658,2659,4245.0
2659,2660,4247.0
2660,2661,4248.0
2661,2662,4251.0
2662,2663,4253.0
2663,2664,4255.0
2664,2665,4257.0
2665,2666,4258.0
2666,2667,4261.0
2667,2668,4264.0
2668,2669,4266.0
2669,2670,4266.0
2670,2671,4267.0
2671,2672,4269.0
2672,2673,4272.0
2673,2674,4272.0
2674,2675,4272.0
2675,2676,4273.0
2676,2677,4276.0
2677,2678,4279.0
2678,2679,4283.0
2679,2680,4283.0
2680,2681,4284.0
2681,2682,4287.0
2682,2683,4290.0
2683,2684,4290.0
2684,2685,4290.0
2685,2686,4291.0
2686,2687,4294.0
2687,2688,4297.0
2688,2689,4297.0
2689,2690,4299.0
2690,2691,4300.0
2691,2692,4303.0
2692,2693,4306.0
2693,2694,4306.0
2694,2695,4306.0
2695,2696,4307.0
2696,2697,4310.0
2697,2698,4312.0
2698,2699,4316.0
2699,2700,4318.0
2700,2701,4319.0
2701,2702,4322.0
2702,2703,4325.0
2703,2704,4327.0
2704,2705,4327.0
2705,2706,4328.0
2706,2707,4330.0
2707,2708,4333.0
2708,2709,4333.0
2709,2710,4334.0
2710,2711,4335.0
2711,2712,4338.0
2712,2713,4338.0
2713,2714,4341.0
2714,2715,4343.0
2715,2716,4344.0
2716,2717,4347.0
2717,2718,4350.0
2718,2719,4352.0
2719,2720,4352.0
2720,2721,4353.0
2721,2722,4356.0
2722,2723,4359.0
2723,2724,4359.0
2724,2725,4361.0
2725,2726,4362.0
2726,2727,4365.0
2727,2728,4368.0
2728,2729,4368.0
2729,2730,4368.0
2730,2731,4369.0
2731,2732,4371.0
2732,2733,4373.0
2733,2734,4373.0
2734,2735,4373.0
2735,2736,4374.0
2736,2737,4376.0
2737,2738,4377.0
2738,2739,4379.0
2739,2740,4379.0
2740,2741,4380.0
2741,2742,4383.0
2742,2743,4385.0
2743,2744,4386.0
2744,2745,4386.0
2745,2746,4387.0
2746,2747,4390.0
2747,2748,4392.0
2748,2749,4394.0
2749,2750,4394.0
2750,2751,4394.0
2751,2752,4397.0
2752,2753,4397.0
2753,2754,4400.0
2754,2755,4400.0
2755,2756,4400.0
2756,2757,4401.0
2757,2758,4404.0
2758,2759,4406.0
2759,2760,4406.0
2760,2761,4407.0
2761,2762,4409.0
2762,2763,4411.0
2763,2764,4411.0
2764,2765,4411.0
2765,2766,4412.0
2766,2767,4415.0
2767,2768,4418.0
2768,2769,4418.0
2769,2770,4420.0
2770,2771,4421.0
2771,2772,4424.0
2772,2773,4424.0
2773,2774,4424.0
2774,2775,4426.0
2775,2776,4427.0
2776,2777,4430.0
2777,2778,4433.0
2778,2779,4433.0
2779,2780,4433.0
2780,2781,4434.0
2781,2782,4437.0
2782,2783,4439.0
2783,2784,4441.0
2784,2785,4441.0
2785,2786,4442.0
2786,2787,4445.0
2787,2788,4447.0
2788,2789,4449.0
2789,2790,4449.0
2790,2791,4450.0
2791,2792,4453.0
2792,2793,4455.0
2793,2794,4457.0
2794,2795,4457.0
2795,2796,4458.0
2796,2797,4458.0
2797,2798,4461.0
2798,2799,4462.0
2799,2800,4464.0
2800,2801,4465.0
2801,2802,4468.0
2802,2803,4471.0
2803,2804,4475.0
2804,2805,4475.0
2805,2806,4476.0
2806,2807,4478.0
2807,2808,4481.0
2808,2809,4483.0
2809,2810,4483.0
2810,2811,4484.0
2811,2812,4487.0
2812,2813,4490.0
2813,2814,4492.0
2814,2815,4494.0
2815,2816,4495.0
2816,2817,4497.0
2817,2818,4498.0
2818,2819,4500.0
2819,2820,4500.0
2820,2821,4500.0
2821,2822,4502.0
2822,2823,4503.0
2823,2824,4505.0
2824,2825,4505.0
2825,2826,4506.0
2826,2827,4509.0
2827,2828,4511.0
2828,2829,4511.0
2829,2830,4511.0
2830,2831,4512.0
2831,2832,4515.0
2832,2833,4518.0
2833,2834,4518.0
2834,2835,4520.0
2835,2836,4520.0
2836,2837,4523.0
2837,2838,4526.0
2838,2839,4526.0
2839,2840,4526.0
2840,2841,4526.0
2841,2842,4528.0
2842,2843,4531.0
2843,2844,4535.0
2844,2845,4535.0
2845,2846,4536.0
2846,2847,4539.0
2847,2848,4542.0
2848,2849,4546.0
2849,2850,4546.0
2850,2851,4547.0
2851,2852,4550.0
2852,2853,4553.0
2853,2854,4555.0
2854,2855,4557.0
2855,2856,4557.0
2856,2857,4560.0
2857,2858,4563.0
2858,2859,4563.0
2859,2860,4565.0
2860,2861,4566.0
2861,2862,4569.0
2862,2863,4572.0
2863,2864,4574.0
2864,2865,4576.0
2865,2866,4577.0
2866,2867,4580.0
2867,2868,4580.0
2868,2869,4584.0
2869,2870,4586.0
2870,2871,4587.0
2871,2872,4590.0
2872,2873,4593.0
2873,2874,4593.0
2874,2875,4593.0
2875,2876,4594.0
2876,2877,4596.0
2877,2878,4597.0
2878,2879,4599.0
2879,2880,4599.0
2880,2881,4599.0
2881,2882,4601.0
2882,2883,4603.0
2883,2884,4605.0
2884,2885,4605.0
2885,2886,4606.0
2886,2887,4608.0
2887,2888,4610.0
2888,2889,4611.0
2889,2890,4611.0
2890,2891,4611.0
2891,2892,4614.0
2892,2893,4614.0
2893,2894,4618.0
2894,2895,4620.0
2895,2896,4621.0
2896,2897,4624.0
2897,2898,4627.0
2898,2899,4629.0
2899,2900,4629.0
2900,2901,4629.0
2901,2902,4631.0
2902,2903,4632.0
2903,2904,4632.0
2904,2905,4634.0
2905,2906,4635.0
2906,2907,4638.0
2907,2908,4640.0
2908,2909,4642.0
2909,2910,4644.0
2910,2911,4645.0
2911,2912,4648.0
2912,2913,4651.0
2913,2914,4653.0
2914,2915,4655.0
2915,2916,4656.0
2916,2917,4659.0
2917,2918,4662.0
2918,2919,4662.0
2919,2920,4662.0
2920,2921,4663.0
2921,2922,4666.0
2922,2923,4669.0
2923,2924,4673.0
2924,2925,4675.0
2925,2926,4675.0
2926,2927,4678.0
2927,2928,4681.0
2928,2929,4683.0
2929,2930,4683.0
2930,2931,4683.0
2931,2932,4685.0
2932,2933,4685.0
2933,2934,4687.0
2934,2935,4687.0
2935,2936,4688.0
2936,2937,4690.0
2937,2938,4693.0
2938,2939,4695.0
2939,2940,4695.0
2940,2941,4695.0
2941,2942,4695.0
2942,2943,4698.0
2943,2944,4699.0
2944,2945,4700.0
2945,2946,4701.0
2946,2947,4704.0
2947,2948,4707.0
2948,2949,4711.0
2949,2950,4711.0
2950,2951,4711.0
2951,2952,4711.0
2952,2953,4714.0
2953,2954,4714.0
2954,2955,4716.0
2955,2956,4717.0
2956,2957,4720.0
2957,2958,4723.0
2958,2959,4725.0
2959,2960,4725.0
2960,2961,4726.0
2961,2962,4729.0
2962,2963,4732.0
2963,2964,4734.0
2964,2965,4736.0
2965,2966,4737.0
2966,2967,4740.0
2967,2968,4742.0
2968,2969,4742.0
2969,2970,4742.0
2970,2971,4743.0
2971,2972,4746.0
2972,2973,4748.0
2973,2974,4748.0
2974,2975,4749.0
2975,2976,4749.0
2976,2977,4750.0
2977,2978,4752.0
2978,2979,4753.0
2979,2980,4754.0
2980,2981,4755.0
2981,2982,4758.0
2982,2983,4761.0
2983,2984,4761.0
2984,2985,4761.0
2985,2986,4762.0
2986,2987,4764.0
2987,2988,4767.0
2988,2989,4767.0
2989,2990,4767.0
2990,2991,4768.0
2991,2992,4771.0
2992,2993,4773.0
2993,2994,4775.0
2994,2995,4775.0
2995,2996,4776.0
2996,2997,4778.0
2997,2998,4780.0
2998,2999,4782.0
2999,3000,4784.0
